task_id	sample	replicate	seed	fastq	target_reads	output_fastq
1	EMOBON_RFORMOSA_211022_MERGED	1	42032	${RAW_DATA_ROOT}/merged_nanopore_RFormosa_SO/EMOBON_RFORMOSA_211022_MERGED.fastq.gz	315147	${PROJECT_HOME}/subsampling_min_reads_3reps/subsamples/EMOBON_RFORMOSA_211022_MERGED__sub315147__rep1.fastq.gz
2	EMOBON_RFORMOSA_211022_MERGED	2	42064	${RAW_DATA_ROOT}/merged_nanopore_RFormosa_SO/EMOBON_RFORMOSA_211022_MERGED.fastq.gz	315147	${PROJECT_HOME}/subsampling_min_reads_3reps/subsamples/EMOBON_RFORMOSA_211022_MERGED__sub315147__rep2.fastq.gz
3	EMOBON_RFORMOSA_211022_MERGED	3	42096	${RAW_DATA_ROOT}/merged_nanopore_RFormosa_SO/EMOBON_RFORMOSA_211022_MERGED.fastq.gz	315147	${PROJECT_HOME}/subsampling_min_reads_3reps/subsamples/EMOBON_RFORMOSA_211022_MERGED__sub315147__rep3.fastq.gz
4	EMOBON_RFORMOSA_211220_MERGED	1	42125	${RAW_DATA_ROOT}/merged_nanopore_RFormosa_SO/EMOBON_RFORMOSA_211220_MERGED.fastq.gz	315147	${PROJECT_HOME}/subsampling_min_reads_3reps/subsamples/EMOBON_RFORMOSA_211220_MERGED__sub315147__rep1.fastq.gz
5	EMOBON_RFORMOSA_211220_MERGED	2	42157	${RAW_DATA_ROOT}/merged_nanopore_RFormosa_SO/EMOBON_RFORMOSA_211220_MERGED.fastq.gz	315147	${PROJECT_HOME}/subsampling_min_reads_3reps/subsamples/EMOBON_RFORMOSA_211220_MERGED__sub315147__rep2.fastq.gz
6	EMOBON_RFORMOSA_211220_MERGED	3	42189	${RAW_DATA_ROOT}/merged_nanopore_RFormosa_SO/EMOBON_RFORMOSA_211220_MERGED.fastq.gz	315147	${PROJECT_HOME}/subsampling_min_reads_3reps/subsamples/EMOBON_RFORMOSA_211220_MERGED__sub315147__rep3.fastq.gz
7	EMOBON_RFORMOSA_220224_MERGED	1	42218	${RAW_DATA_ROOT}/merged_nanopore_RFormosa_SO/EMOBON_RFORMOSA_220224_MERGED.fastq.gz	315147	${PROJECT_HOME}/subsampling_min_reads_3reps/subsamples/EMOBON_RFORMOSA_220224_MERGED__sub315147__rep1.fastq.gz
8	EMOBON_RFORMOSA_220224_MERGED	2	42250	${RAW_DATA_ROOT}/merged_nanopore_RFormosa_SO/EMOBON_RFORMOSA_220224_MERGED.fastq.gz	315147	${PROJECT_HOME}/subsampling_min_reads_3reps/subsamples/EMOBON_RFORMOSA_220224_MERGED__sub315147__rep2.fastq.gz
9	EMOBON_RFORMOSA_220224_MERGED	3	42282	${RAW_DATA_ROOT}/merged_nanopore_RFormosa_SO/EMOBON_RFORMOSA_220224_MERGED.fastq.gz	315147	${PROJECT_HOME}/subsampling_min_reads_3reps/subsamples/EMOBON_RFORMOSA_220224_MERGED__sub315147__rep3.fastq.gz
10	EMOBON_RFORMOSA_220428_MERGED	1	42311	${RAW_DATA_ROOT}/merged_nanopore_RFormosa_SO/EMOBON_RFORMOSA_220428_MERGED.fastq.gz	315147	${PROJECT_HOME}/subsampling_min_reads_3reps/subsamples/EMOBON_RFORMOSA_220428_MERGED__sub315147__rep1.fastq.gz
11	EMOBON_RFORMOSA_220428_MERGED	2	42343	${RAW_DATA_ROOT}/merged_nanopore_RFormosa_SO/EMOBON_RFORMOSA_220428_MERGED.fastq.gz	315147	${PROJECT_HOME}/subsampling_min_reads_3reps/subsamples/EMOBON_RFORMOSA_220428_MERGED__sub315147__rep2.fastq.gz
12	EMOBON_RFORMOSA_220428_MERGED	3	42375	${RAW_DATA_ROOT}/merged_nanopore_RFormosa_SO/EMOBON_RFORMOSA_220428_MERGED.fastq.gz	315147	${PROJECT_HOME}/subsampling_min_reads_3reps/subsamples/EMOBON_RFORMOSA_220428_MERGED__sub315147__rep3.fastq.gz
13	EMOBON_RFORMOSA_220629_MERGED	1	42404	${RAW_DATA_ROOT}/merged_nanopore_RFormosa_SO/EMOBON_RFORMOSA_220629_MERGED.fastq.gz	315147	${PROJECT_HOME}/subsampling_min_reads_3reps/subsamples/EMOBON_RFORMOSA_220629_MERGED__sub315147__rep1.fastq.gz
14	EMOBON_RFORMOSA_220629_MERGED	2	42436	${RAW_DATA_ROOT}/merged_nanopore_RFormosa_SO/EMOBON_RFORMOSA_220629_MERGED.fastq.gz	315147	${PROJECT_HOME}/subsampling_min_reads_3reps/subsamples/EMOBON_RFORMOSA_220629_MERGED__sub315147__rep2.fastq.gz
15	EMOBON_RFORMOSA_220629_MERGED	3	42468	${RAW_DATA_ROOT}/merged_nanopore_RFormosa_SO/EMOBON_RFORMOSA_220629_MERGED.fastq.gz	315147	${PROJECT_HOME}/subsampling_min_reads_3reps/subsamples/EMOBON_RFORMOSA_220629_MERGED__sub315147__rep3.fastq.gz
16	EMOBON_RFORMOSA_220909_MERGED	1	42497	${RAW_DATA_ROOT}/merged_nanopore_RFormosa_SO/EMOBON_RFORMOSA_220909_MERGED.fastq.gz	315147	${PROJECT_HOME}/subsampling_min_reads_3reps/subsamples/EMOBON_RFORMOSA_220909_MERGED__sub315147__rep1.fastq.gz
17	EMOBON_RFORMOSA_220909_MERGED	2	42529	${RAW_DATA_ROOT}/merged_nanopore_RFormosa_SO/EMOBON_RFORMOSA_220909_MERGED.fastq.gz	315147	${PROJECT_HOME}/subsampling_min_reads_3reps/subsamples/EMOBON_RFORMOSA_220909_MERGED__sub315147__rep2.fastq.gz
18	EMOBON_RFORMOSA_220909_MERGED	3	42561	${RAW_DATA_ROOT}/merged_nanopore_RFormosa_SO/EMOBON_RFORMOSA_220909_MERGED.fastq.gz	315147	${PROJECT_HOME}/subsampling_min_reads_3reps/subsamples/EMOBON_RFORMOSA_220909_MERGED__sub315147__rep3.fastq.gz
19	EMOBON_RFORMOSA_221021_MERGED	1	42590	${RAW_DATA_ROOT}/merged_nanopore_RFormosa_SO/EMOBON_RFORMOSA_221021_MERGED.fastq.gz	315147	${PROJECT_HOME}/subsampling_min_reads_3reps/subsamples/EMOBON_RFORMOSA_221021_MERGED__sub315147__rep1.fastq.gz
20	EMOBON_RFORMOSA_221021_MERGED	2	42622	${RAW_DATA_ROOT}/merged_nanopore_RFormosa_SO/EMOBON_RFORMOSA_221021_MERGED.fastq.gz	315147	${PROJECT_HOME}/subsampling_min_reads_3reps/subsamples/EMOBON_RFORMOSA_221021_MERGED__sub315147__rep2.fastq.gz
21	EMOBON_RFORMOSA_221021_MERGED	3	42654	${RAW_DATA_ROOT}/merged_nanopore_RFormosa_SO/EMOBON_RFORMOSA_221021_MERGED.fastq.gz	315147	${PROJECT_HOME}/subsampling_min_reads_3reps/subsamples/EMOBON_RFORMOSA_221021_MERGED__sub315147__rep3.fastq.gz
22	EMOBON_RFORMOSA_221216_MERGED	1	42683	${RAW_DATA_ROOT}/merged_nanopore_RFormosa_SO/EMOBON_RFORMOSA_221216_MERGED.fastq.gz	315147	${PROJECT_HOME}/subsampling_min_reads_3reps/subsamples/EMOBON_RFORMOSA_221216_MERGED__sub315147__rep1.fastq.gz
23	EMOBON_RFORMOSA_221216_MERGED	2	42715	${RAW_DATA_ROOT}/merged_nanopore_RFormosa_SO/EMOBON_RFORMOSA_221216_MERGED.fastq.gz	315147	${PROJECT_HOME}/subsampling_min_reads_3reps/subsamples/EMOBON_RFORMOSA_221216_MERGED__sub315147__rep2.fastq.gz
24	EMOBON_RFORMOSA_221216_MERGED	3	42747	${RAW_DATA_ROOT}/merged_nanopore_RFormosa_SO/EMOBON_RFORMOSA_221216_MERGED.fastq.gz	315147	${PROJECT_HOME}/subsampling_min_reads_3reps/subsamples/EMOBON_RFORMOSA_221216_MERGED__sub315147__rep3.fastq.gz
25	EMOBON_RFORMOSA_230420_MERGED	1	42776	${RAW_DATA_ROOT}/merged_nanopore_RFormosa_SO/EMOBON_RFORMOSA_230420_MERGED.fastq.gz	315147	${PROJECT_HOME}/subsampling_min_reads_3reps/subsamples/EMOBON_RFORMOSA_230420_MERGED__sub315147__rep1.fastq.gz
26	EMOBON_RFORMOSA_230420_MERGED	2	42808	${RAW_DATA_ROOT}/merged_nanopore_RFormosa_SO/EMOBON_RFORMOSA_230420_MERGED.fastq.gz	315147	${PROJECT_HOME}/subsampling_min_reads_3reps/subsamples/EMOBON_RFORMOSA_230420_MERGED__sub315147__rep2.fastq.gz
27	EMOBON_RFORMOSA_230420_MERGED	3	42840	${RAW_DATA_ROOT}/merged_nanopore_RFormosa_SO/EMOBON_RFORMOSA_230420_MERGED.fastq.gz	315147	${PROJECT_HOME}/subsampling_min_reads_3reps/subsamples/EMOBON_RFORMOSA_230420_MERGED__sub315147__rep3.fastq.gz
28	EMOBON_RFORMOSA_230703_MERGED	1	42869	${RAW_DATA_ROOT}/merged_nanopore_RFormosa_SO/EMOBON_RFORMOSA_230703_MERGED.fastq.gz	315147	${PROJECT_HOME}/subsampling_min_reads_3reps/subsamples/EMOBON_RFORMOSA_230703_MERGED__sub315147__rep1.fastq.gz
29	EMOBON_RFORMOSA_230703_MERGED	2	42901	${RAW_DATA_ROOT}/merged_nanopore_RFormosa_SO/EMOBON_RFORMOSA_230703_MERGED.fastq.gz	315147	${PROJECT_HOME}/subsampling_min_reads_3reps/subsamples/EMOBON_RFORMOSA_230703_MERGED__sub315147__rep2.fastq.gz
30	EMOBON_RFORMOSA_230703_MERGED	3	42933	${RAW_DATA_ROOT}/merged_nanopore_RFormosa_SO/EMOBON_RFORMOSA_230703_MERGED.fastq.gz	315147	${PROJECT_HOME}/subsampling_min_reads_3reps/subsamples/EMOBON_RFORMOSA_230703_MERGED__sub315147__rep3.fastq.gz
31	EMOBON_RFORMOSA_230906_MERGED	1	42962	${RAW_DATA_ROOT}/merged_nanopore_RFormosa_SO/EMOBON_RFORMOSA_230906_MERGED.fastq.gz	315147	${PROJECT_HOME}/subsampling_min_reads_3reps/subsamples/EMOBON_RFORMOSA_230906_MERGED__sub315147__rep1.fastq.gz
32	EMOBON_RFORMOSA_230906_MERGED	2	42994	${RAW_DATA_ROOT}/merged_nanopore_RFormosa_SO/EMOBON_RFORMOSA_230906_MERGED.fastq.gz	315147	${PROJECT_HOME}/subsampling_min_reads_3reps/subsamples/EMOBON_RFORMOSA_230906_MERGED__sub315147__rep2.fastq.gz
33	EMOBON_RFORMOSA_230906_MERGED	3	43026	${RAW_DATA_ROOT}/merged_nanopore_RFormosa_SO/EMOBON_RFORMOSA_230906_MERGED.fastq.gz	315147	${PROJECT_HOME}/subsampling_min_reads_3reps/subsamples/EMOBON_RFORMOSA_230906_MERGED__sub315147__rep3.fastq.gz
34	EMOBON_RFORMOSA_231025_MERGED	1	43055	${RAW_DATA_ROOT}/merged_nanopore_RFormosa_SO/EMOBON_RFORMOSA_231025_MERGED.fastq.gz	315147	${PROJECT_HOME}/subsampling_min_reads_3reps/subsamples/EMOBON_RFORMOSA_231025_MERGED__sub315147__rep1.fastq.gz
35	EMOBON_RFORMOSA_231025_MERGED	2	43087	${RAW_DATA_ROOT}/merged_nanopore_RFormosa_SO/EMOBON_RFORMOSA_231025_MERGED.fastq.gz	315147	${PROJECT_HOME}/subsampling_min_reads_3reps/subsamples/EMOBON_RFORMOSA_231025_MERGED__sub315147__rep2.fastq.gz
36	EMOBON_RFORMOSA_231025_MERGED	3	43119	${RAW_DATA_ROOT}/merged_nanopore_RFormosa_SO/EMOBON_RFORMOSA_231025_MERGED.fastq.gz	315147	${PROJECT_HOME}/subsampling_min_reads_3reps/subsamples/EMOBON_RFORMOSA_231025_MERGED__sub315147__rep3.fastq.gz
37	EMOBON_RFORMOSA_240104_MERGED	1	43148	${RAW_DATA_ROOT}/merged_nanopore_RFormosa_SO/EMOBON_RFORMOSA_240104_MERGED.fastq.gz	315147	${PROJECT_HOME}/subsampling_min_reads_3reps/subsamples/EMOBON_RFORMOSA_240104_MERGED__sub315147__rep1.fastq.gz
38	EMOBON_RFORMOSA_240104_MERGED	2	43180	${RAW_DATA_ROOT}/merged_nanopore_RFormosa_SO/EMOBON_RFORMOSA_240104_MERGED.fastq.gz	315147	${PROJECT_HOME}/subsampling_min_reads_3reps/subsamples/EMOBON_RFORMOSA_240104_MERGED__sub315147__rep2.fastq.gz
39	EMOBON_RFORMOSA_240104_MERGED	3	43212	${RAW_DATA_ROOT}/merged_nanopore_RFormosa_SO/EMOBON_RFORMOSA_240104_MERGED.fastq.gz	315147	${PROJECT_HOME}/subsampling_min_reads_3reps/subsamples/EMOBON_RFORMOSA_240104_MERGED__sub315147__rep3.fastq.gz
40	EMOBON_RFORMOSA_240304_MERGED	1	43241	${RAW_DATA_ROOT}/merged_nanopore_RFormosa_SO/EMOBON_RFORMOSA_240304_MERGED.fastq.gz	315147	${PROJECT_HOME}/subsampling_min_reads_3reps/subsamples/EMOBON_RFORMOSA_240304_MERGED__sub315147__rep1.fastq.gz
41	EMOBON_RFORMOSA_240304_MERGED	2	43273	${RAW_DATA_ROOT}/merged_nanopore_RFormosa_SO/EMOBON_RFORMOSA_240304_MERGED.fastq.gz	315147	${PROJECT_HOME}/subsampling_min_reads_3reps/subsamples/EMOBON_RFORMOSA_240304_MERGED__sub315147__rep2.fastq.gz
42	EMOBON_RFORMOSA_240304_MERGED	3	43305	${RAW_DATA_ROOT}/merged_nanopore_RFormosa_SO/EMOBON_RFORMOSA_240304_MERGED.fastq.gz	315147	${PROJECT_HOME}/subsampling_min_reads_3reps/subsamples/EMOBON_RFORMOSA_240304_MERGED__sub315147__rep3.fastq.gz
43	EMOBON_RFORMOSA_240416_MERGED	1	43334	${RAW_DATA_ROOT}/merged_nanopore_RFormosa_SO/EMOBON_RFORMOSA_240416_MERGED.fastq.gz	315147	${PROJECT_HOME}/subsampling_min_reads_3reps/subsamples/EMOBON_RFORMOSA_240416_MERGED__sub315147__rep1.fastq.gz
44	EMOBON_RFORMOSA_240416_MERGED	2	43366	${RAW_DATA_ROOT}/merged_nanopore_RFormosa_SO/EMOBON_RFORMOSA_240416_MERGED.fastq.gz	315147	${PROJECT_HOME}/subsampling_min_reads_3reps/subsamples/EMOBON_RFORMOSA_240416_MERGED__sub315147__rep2.fastq.gz
45	EMOBON_RFORMOSA_240416_MERGED	3	43398	${RAW_DATA_ROOT}/merged_nanopore_RFormosa_SO/EMOBON_RFORMOSA_240416_MERGED.fastq.gz	315147	${PROJECT_HOME}/subsampling_min_reads_3reps/subsamples/EMOBON_RFORMOSA_240416_MERGED__sub315147__rep3.fastq.gz
46	EMOBON_RFORMOSA_240705_MERGED	1	43427	${RAW_DATA_ROOT}/merged_nanopore_RFormosa_SO/EMOBON_RFORMOSA_240705_MERGED.fastq.gz	315147	${PROJECT_HOME}/subsampling_min_reads_3reps/subsamples/EMOBON_RFORMOSA_240705_MERGED__sub315147__rep1.fastq.gz
47	EMOBON_RFORMOSA_240705_MERGED	2	43459	${RAW_DATA_ROOT}/merged_nanopore_RFormosa_SO/EMOBON_RFORMOSA_240705_MERGED.fastq.gz	315147	${PROJECT_HOME}/subsampling_min_reads_3reps/subsamples/EMOBON_RFORMOSA_240705_MERGED__sub315147__rep2.fastq.gz
48	EMOBON_RFORMOSA_240705_MERGED	3	43491	${RAW_DATA_ROOT}/merged_nanopore_RFormosa_SO/EMOBON_RFORMOSA_240705_MERGED.fastq.gz	315147	${PROJECT_HOME}/subsampling_min_reads_3reps/subsamples/EMOBON_RFORMOSA_240705_MERGED__sub315147__rep3.fastq.gz
49	EMOBON_RFORMOSA_240905_MERGED	1	43520	${RAW_DATA_ROOT}/merged_nanopore_RFormosa_SO/EMOBON_RFORMOSA_240905_MERGED.fastq.gz	315147	${PROJECT_HOME}/subsampling_min_reads_3reps/subsamples/EMOBON_RFORMOSA_240905_MERGED__sub315147__rep1.fastq.gz
50	EMOBON_RFORMOSA_240905_MERGED	2	43552	${RAW_DATA_ROOT}/merged_nanopore_RFormosa_SO/EMOBON_RFORMOSA_240905_MERGED.fastq.gz	315147	${PROJECT_HOME}/subsampling_min_reads_3reps/subsamples/EMOBON_RFORMOSA_240905_MERGED__sub315147__rep2.fastq.gz
51	EMOBON_RFORMOSA_240905_MERGED	3	43584	${RAW_DATA_ROOT}/merged_nanopore_RFormosa_SO/EMOBON_RFORMOSA_240905_MERGED.fastq.gz	315147	${PROJECT_HOME}/subsampling_min_reads_3reps/subsamples/EMOBON_RFORMOSA_240905_MERGED__sub315147__rep3.fastq.gz
52	EMOBON_RFORMOSA_241106_MERGED	1	43613	${RAW_DATA_ROOT}/merged_nanopore_RFormosa_SO/EMOBON_RFORMOSA_241106_MERGED.fastq.gz	315147	${PROJECT_HOME}/subsampling_min_reads_3reps/subsamples/EMOBON_RFORMOSA_241106_MERGED__sub315147__rep1.fastq.gz
53	EMOBON_RFORMOSA_241106_MERGED	2	43645	${RAW_DATA_ROOT}/merged_nanopore_RFormosa_SO/EMOBON_RFORMOSA_241106_MERGED.fastq.gz	315147	${PROJECT_HOME}/subsampling_min_reads_3reps/subsamples/EMOBON_RFORMOSA_241106_MERGED__sub315147__rep2.fastq.gz
54	EMOBON_RFORMOSA_241106_MERGED	3	43677	${RAW_DATA_ROOT}/merged_nanopore_RFormosa_SO/EMOBON_RFORMOSA_241106_MERGED.fastq.gz	315147	${PROJECT_HOME}/subsampling_min_reads_3reps/subsamples/EMOBON_RFORMOSA_241106_MERGED__sub315147__rep3.fastq.gz
55	EMOBON_RFORMOSA_250307_MERGED	1	43706	${RAW_DATA_ROOT}/merged_nanopore_RFormosa_SO/EMOBON_RFORMOSA_250307_MERGED.fastq.gz	315147	${PROJECT_HOME}/subsampling_min_reads_3reps/subsamples/EMOBON_RFORMOSA_250307_MERGED__sub315147__rep1.fastq.gz
56	EMOBON_RFORMOSA_250307_MERGED	2	43738	${RAW_DATA_ROOT}/merged_nanopore_RFormosa_SO/EMOBON_RFORMOSA_250307_MERGED.fastq.gz	315147	${PROJECT_HOME}/subsampling_min_reads_3reps/subsamples/EMOBON_RFORMOSA_250307_MERGED__sub315147__rep2.fastq.gz
57	EMOBON_RFORMOSA_250307_MERGED	3	43770	${RAW_DATA_ROOT}/merged_nanopore_RFormosa_SO/EMOBON_RFORMOSA_250307_MERGED.fastq.gz	315147	${PROJECT_HOME}/subsampling_min_reads_3reps/subsamples/EMOBON_RFORMOSA_250307_MERGED__sub315147__rep3.fastq.gz
58	EMOBON_RFORMOSA_250430_MERGED	1	43799	${RAW_DATA_ROOT}/merged_nanopore_RFormosa_SO/EMOBON_RFORMOSA_250430_MERGED.fastq.gz	315147	${PROJECT_HOME}/subsampling_min_reads_3reps/subsamples/EMOBON_RFORMOSA_250430_MERGED__sub315147__rep1.fastq.gz
59	EMOBON_RFORMOSA_250430_MERGED	2	43831	${RAW_DATA_ROOT}/merged_nanopore_RFormosa_SO/EMOBON_RFORMOSA_250430_MERGED.fastq.gz	315147	${PROJECT_HOME}/subsampling_min_reads_3reps/subsamples/EMOBON_RFORMOSA_250430_MERGED__sub315147__rep2.fastq.gz
60	EMOBON_RFORMOSA_250430_MERGED	3	43863	${RAW_DATA_ROOT}/merged_nanopore_RFormosa_SO/EMOBON_RFORMOSA_250430_MERGED.fastq.gz	315147	${PROJECT_HOME}/subsampling_min_reads_3reps/subsamples/EMOBON_RFORMOSA_250430_MERGED__sub315147__rep3.fastq.gz
61	EMOBON_RFORMOSA_250710_MERGED	1	43892	${RAW_DATA_ROOT}/merged_nanopore_RFormosa_SO/EMOBON_RFORMOSA_250710_MERGED.fastq.gz	315147	${PROJECT_HOME}/subsampling_min_reads_3reps/subsamples/EMOBON_RFORMOSA_250710_MERGED__sub315147__rep1.fastq.gz
62	EMOBON_RFORMOSA_250710_MERGED	2	43924	${RAW_DATA_ROOT}/merged_nanopore_RFormosa_SO/EMOBON_RFORMOSA_250710_MERGED.fastq.gz	315147	${PROJECT_HOME}/subsampling_min_reads_3reps/subsamples/EMOBON_RFORMOSA_250710_MERGED__sub315147__rep2.fastq.gz
63	EMOBON_RFORMOSA_250710_MERGED	3	43956	${RAW_DATA_ROOT}/merged_nanopore_RFormosa_SO/EMOBON_RFORMOSA_250710_MERGED.fastq.gz	315147	${PROJECT_HOME}/subsampling_min_reads_3reps/subsamples/EMOBON_RFORMOSA_250710_MERGED__sub315147__rep3.fastq.gz
64	EMOBON_RFORMOSA_250912_MERGED	1	43985	${RAW_DATA_ROOT}/merged_nanopore_RFormosa_SO/EMOBON_RFORMOSA_250912_MERGED.fastq.gz	315147	${PROJECT_HOME}/subsampling_min_reads_3reps/subsamples/EMOBON_RFORMOSA_250912_MERGED__sub315147__rep1.fastq.gz
65	EMOBON_RFORMOSA_250912_MERGED	2	44017	${RAW_DATA_ROOT}/merged_nanopore_RFormosa_SO/EMOBON_RFORMOSA_250912_MERGED.fastq.gz	315147	${PROJECT_HOME}/subsampling_min_reads_3reps/subsamples/EMOBON_RFORMOSA_250912_MERGED__sub315147__rep2.fastq.gz
66	EMOBON_RFORMOSA_250912_MERGED	3	44049	${RAW_DATA_ROOT}/merged_nanopore_RFormosa_SO/EMOBON_RFORMOSA_250912_MERGED.fastq.gz	315147	${PROJECT_HOME}/subsampling_min_reads_3reps/subsamples/EMOBON_RFORMOSA_250912_MERGED__sub315147__rep3.fastq.gz
67	EMOBON_RFORMOSA_251125_MERGED	1	44078	${RAW_DATA_ROOT}/merged_nanopore_RFormosa_SO/EMOBON_RFORMOSA_251125_MERGED.fastq.gz	315147	${PROJECT_HOME}/subsampling_min_reads_3reps/subsamples/EMOBON_RFORMOSA_251125_MERGED__sub315147__rep1.fastq.gz
68	EMOBON_RFORMOSA_251125_MERGED	2	44110	${RAW_DATA_ROOT}/merged_nanopore_RFormosa_SO/EMOBON_RFORMOSA_251125_MERGED.fastq.gz	315147	${PROJECT_HOME}/subsampling_min_reads_3reps/subsamples/EMOBON_RFORMOSA_251125_MERGED__sub315147__rep2.fastq.gz
69	EMOBON_RFORMOSA_251125_MERGED	3	44142	${RAW_DATA_ROOT}/merged_nanopore_RFormosa_SO/EMOBON_RFORMOSA_251125_MERGED.fastq.gz	315147	${PROJECT_HOME}/subsampling_min_reads_3reps/subsamples/EMOBON_RFORMOSA_251125_MERGED__sub315147__rep3.fastq.gz
