contig_id	MAG_ID
contig_11537	FLYE-MetaBAT2Refined-group-group_2025_4samples.8
contig_12325	FLYE-MetaBAT2Refined-group-group_2025_4samples.8
contig_13322	FLYE-MetaBAT2Refined-group-group_2025_4samples.8
contig_15605	FLYE-MetaBAT2Refined-group-group_2025_4samples.8
contig_1659	FLYE-MetaBAT2Refined-group-group_2025_4samples.8
contig_17129	FLYE-MetaBAT2Refined-group-group_2025_4samples.8
contig_17290	FLYE-MetaBAT2Refined-group-group_2025_4samples.8
contig_1779	FLYE-MetaBAT2Refined-group-group_2025_4samples.8
contig_1892	FLYE-MetaBAT2Refined-group-group_2025_4samples.8
contig_19019	FLYE-MetaBAT2Refined-group-group_2025_4samples.8
contig_2537	FLYE-MetaBAT2Refined-group-group_2025_4samples.8
contig_29567	FLYE-MetaBAT2Refined-group-group_2025_4samples.8
contig_2966	FLYE-MetaBAT2Refined-group-group_2025_4samples.8
contig_30137	FLYE-MetaBAT2Refined-group-group_2025_4samples.8
contig_3026	FLYE-MetaBAT2Refined-group-group_2025_4samples.8
contig_3236	FLYE-MetaBAT2Refined-group-group_2025_4samples.8
contig_3450	FLYE-MetaBAT2Refined-group-group_2025_4samples.8
contig_3537	FLYE-MetaBAT2Refined-group-group_2025_4samples.8
contig_3888	FLYE-MetaBAT2Refined-group-group_2025_4samples.8
contig_4180	FLYE-MetaBAT2Refined-group-group_2025_4samples.8
contig_4698	FLYE-MetaBAT2Refined-group-group_2025_4samples.8
contig_5197	FLYE-MetaBAT2Refined-group-group_2025_4samples.8
contig_7970	FLYE-MetaBAT2Refined-group-group_2025_4samples.8
contig_870	FLYE-MetaBAT2Refined-group-group_2025_4samples.8
contig_8900	FLYE-MetaBAT2Refined-group-group_2025_4samples.8
contig_9395	FLYE-MetaBAT2Refined-group-group_2025_4samples.8
ctg72	METAMDBG-MetaBAT2Refined-group-group_2025_4samples.106
ctg1037	METAMDBG-MetaBAT2Refined-group-group_2025_4samples.106
ctg1195	METAMDBG-MetaBAT2Refined-group-group_2025_4samples.106
ctg1244	METAMDBG-MetaBAT2Refined-group-group_2025_4samples.106
ctg1310	METAMDBG-MetaBAT2Refined-group-group_2025_4samples.106
ctg2164	METAMDBG-MetaBAT2Refined-group-group_2025_4samples.106
ctg2211	METAMDBG-MetaBAT2Refined-group-group_2025_4samples.106
ctg2218	METAMDBG-MetaBAT2Refined-group-group_2025_4samples.106
ctg2338	METAMDBG-MetaBAT2Refined-group-group_2025_4samples.106
ctg2417	METAMDBG-MetaBAT2Refined-group-group_2025_4samples.106
ctg3355	METAMDBG-MetaBAT2Refined-group-group_2025_4samples.106
ctg3747	METAMDBG-MetaBAT2Refined-group-group_2025_4samples.106
ctg4412	METAMDBG-MetaBAT2Refined-group-group_2025_4samples.106
ctg4953	METAMDBG-MetaBAT2Refined-group-group_2025_4samples.106
ctg5375	METAMDBG-MetaBAT2Refined-group-group_2025_4samples.106
ctg5829	METAMDBG-MetaBAT2Refined-group-group_2025_4samples.106
ctg5955	METAMDBG-MetaBAT2Refined-group-group_2025_4samples.106
ctg8189	METAMDBG-MetaBAT2Refined-group-group_2025_4samples.106
ctg8331	METAMDBG-MetaBAT2Refined-group-group_2025_4samples.106
ctg9705	METAMDBG-MetaBAT2Refined-group-group_2025_4samples.106
ctg10151	METAMDBG-MetaBAT2Refined-group-group_2025_4samples.106
ctg10294	METAMDBG-MetaBAT2Refined-group-group_2025_4samples.106
ctg11186	METAMDBG-MetaBAT2Refined-group-group_2025_4samples.106
ctg11336	METAMDBG-MetaBAT2Refined-group-group_2025_4samples.106
ctg11727	METAMDBG-MetaBAT2Refined-group-group_2025_4samples.106
ctg12127	METAMDBG-MetaBAT2Refined-group-group_2025_4samples.106
ctg12712	METAMDBG-MetaBAT2Refined-group-group_2025_4samples.106
ctg14526	METAMDBG-MetaBAT2Refined-group-group_2025_4samples.106
ctg14831	METAMDBG-MetaBAT2Refined-group-group_2025_4samples.106
ctg14940	METAMDBG-MetaBAT2Refined-group-group_2025_4samples.106
ctg16251	METAMDBG-MetaBAT2Refined-group-group_2025_4samples.106
ctg16326	METAMDBG-MetaBAT2Refined-group-group_2025_4samples.106
ctg16684	METAMDBG-MetaBAT2Refined-group-group_2025_4samples.106
ctg16852	METAMDBG-MetaBAT2Refined-group-group_2025_4samples.106
ctg17276	METAMDBG-MetaBAT2Refined-group-group_2025_4samples.106
ctg17822	METAMDBG-MetaBAT2Refined-group-group_2025_4samples.106
ctg18073	METAMDBG-MetaBAT2Refined-group-group_2025_4samples.106
ctg18955	METAMDBG-MetaBAT2Refined-group-group_2025_4samples.106
ctg18963	METAMDBG-MetaBAT2Refined-group-group_2025_4samples.106
ctg18972	METAMDBG-MetaBAT2Refined-group-group_2025_4samples.106
ctg19059	METAMDBG-MetaBAT2Refined-group-group_2025_4samples.106
ctg20091	METAMDBG-MetaBAT2Refined-group-group_2025_4samples.106
ctg20496	METAMDBG-MetaBAT2Refined-group-group_2025_4samples.106
ctg20509	METAMDBG-MetaBAT2Refined-group-group_2025_4samples.106
ctg20638	METAMDBG-MetaBAT2Refined-group-group_2025_4samples.106
ctg20769	METAMDBG-MetaBAT2Refined-group-group_2025_4samples.106
ctg21397	METAMDBG-MetaBAT2Refined-group-group_2025_4samples.106
ctg21885	METAMDBG-MetaBAT2Refined-group-group_2025_4samples.106
ctg22918	METAMDBG-MetaBAT2Refined-group-group_2025_4samples.106
ctg22932	METAMDBG-MetaBAT2Refined-group-group_2025_4samples.106
ctg24974	METAMDBG-MetaBAT2Refined-group-group_2025_4samples.106
ctg25237	METAMDBG-MetaBAT2Refined-group-group_2025_4samples.106
ctg25832	METAMDBG-MetaBAT2Refined-group-group_2025_4samples.106
ctg26299	METAMDBG-MetaBAT2Refined-group-group_2025_4samples.106
ctg26507	METAMDBG-MetaBAT2Refined-group-group_2025_4samples.106
ctg26607	METAMDBG-MetaBAT2Refined-group-group_2025_4samples.106
ctg26829	METAMDBG-MetaBAT2Refined-group-group_2025_4samples.106
ctg27556	METAMDBG-MetaBAT2Refined-group-group_2025_4samples.106
ctg27726	METAMDBG-MetaBAT2Refined-group-group_2025_4samples.106
ctg28076	METAMDBG-MetaBAT2Refined-group-group_2025_4samples.106
ctg28654	METAMDBG-MetaBAT2Refined-group-group_2025_4samples.106
ctg29321	METAMDBG-MetaBAT2Refined-group-group_2025_4samples.106
ctg29384	METAMDBG-MetaBAT2Refined-group-group_2025_4samples.106
ctg29586	METAMDBG-MetaBAT2Refined-group-group_2025_4samples.106
ctg30298	METAMDBG-MetaBAT2Refined-group-group_2025_4samples.106
ctg30320	METAMDBG-MetaBAT2Refined-group-group_2025_4samples.106
ctg30525	METAMDBG-MetaBAT2Refined-group-group_2025_4samples.106
ctg30600	METAMDBG-MetaBAT2Refined-group-group_2025_4samples.106
ctg30671	METAMDBG-MetaBAT2Refined-group-group_2025_4samples.106
ctg30691	METAMDBG-MetaBAT2Refined-group-group_2025_4samples.106
ctg30731	METAMDBG-MetaBAT2Refined-group-group_2025_4samples.106
ctg30768	METAMDBG-MetaBAT2Refined-group-group_2025_4samples.106
ctg31047	METAMDBG-MetaBAT2Refined-group-group_2025_4samples.106
ctg31162	METAMDBG-MetaBAT2Refined-group-group_2025_4samples.106
ctg33160	METAMDBG-MetaBAT2Refined-group-group_2025_4samples.106
ctg34568	METAMDBG-MetaBAT2Refined-group-group_2025_4samples.106
ctg36211	METAMDBG-MetaBAT2Refined-group-group_2025_4samples.106
ctg38739	METAMDBG-MetaBAT2Refined-group-group_2025_4samples.106
ctg38874	METAMDBG-MetaBAT2Refined-group-group_2025_4samples.106
ctg39612	METAMDBG-MetaBAT2Refined-group-group_2025_4samples.106
ctg39851	METAMDBG-MetaBAT2Refined-group-group_2025_4samples.106
ctg40568	METAMDBG-MetaBAT2Refined-group-group_2025_4samples.106
ctg40649	METAMDBG-MetaBAT2Refined-group-group_2025_4samples.106
ctg40738	METAMDBG-MetaBAT2Refined-group-group_2025_4samples.106
ctg41499	METAMDBG-MetaBAT2Refined-group-group_2025_4samples.106
ctg1330	METAMDBG-MetaBinnerRefined-group-group_2025_4samples.1
ctg3998	METAMDBG-MetaBinnerRefined-group-group_2025_4samples.1
ctg4278	METAMDBG-MetaBinnerRefined-group-group_2025_4samples.1
ctg5041	METAMDBG-MetaBinnerRefined-group-group_2025_4samples.1
ctg5681	METAMDBG-MetaBinnerRefined-group-group_2025_4samples.1
ctg6140	METAMDBG-MetaBinnerRefined-group-group_2025_4samples.1
ctg6814	METAMDBG-MetaBinnerRefined-group-group_2025_4samples.1
ctg7024	METAMDBG-MetaBinnerRefined-group-group_2025_4samples.1
ctg7927	METAMDBG-MetaBinnerRefined-group-group_2025_4samples.1
ctg10156	METAMDBG-MetaBinnerRefined-group-group_2025_4samples.1
ctg10700	METAMDBG-MetaBinnerRefined-group-group_2025_4samples.1
ctg10975	METAMDBG-MetaBinnerRefined-group-group_2025_4samples.1
ctg13603	METAMDBG-MetaBinnerRefined-group-group_2025_4samples.1
ctg13837	METAMDBG-MetaBinnerRefined-group-group_2025_4samples.1
ctg14523	METAMDBG-MetaBinnerRefined-group-group_2025_4samples.1
ctg14625	METAMDBG-MetaBinnerRefined-group-group_2025_4samples.1
ctg15697	METAMDBG-MetaBinnerRefined-group-group_2025_4samples.1
ctg15977	METAMDBG-MetaBinnerRefined-group-group_2025_4samples.1
ctg19015	METAMDBG-MetaBinnerRefined-group-group_2025_4samples.1
ctg19915	METAMDBG-MetaBinnerRefined-group-group_2025_4samples.1
ctg20147	METAMDBG-MetaBinnerRefined-group-group_2025_4samples.1
ctg20236	METAMDBG-MetaBinnerRefined-group-group_2025_4samples.1
ctg20493	METAMDBG-MetaBinnerRefined-group-group_2025_4samples.1
ctg22253	METAMDBG-MetaBinnerRefined-group-group_2025_4samples.1
ctg22373	METAMDBG-MetaBinnerRefined-group-group_2025_4samples.1
ctg23000	METAMDBG-MetaBinnerRefined-group-group_2025_4samples.1
ctg23030	METAMDBG-MetaBinnerRefined-group-group_2025_4samples.1
ctg23772	METAMDBG-MetaBinnerRefined-group-group_2025_4samples.1
ctg24946	METAMDBG-MetaBinnerRefined-group-group_2025_4samples.1
ctg25213	METAMDBG-MetaBinnerRefined-group-group_2025_4samples.1
ctg25791	METAMDBG-MetaBinnerRefined-group-group_2025_4samples.1
ctg29500	METAMDBG-MetaBinnerRefined-group-group_2025_4samples.1
ctg33448	METAMDBG-MetaBinnerRefined-group-group_2025_4samples.1
ctg34872	METAMDBG-MetaBinnerRefined-group-group_2025_4samples.1
ctg35550	METAMDBG-MetaBinnerRefined-group-group_2025_4samples.1
ctg35990	METAMDBG-MetaBinnerRefined-group-group_2025_4samples.1
ctg36879	METAMDBG-MetaBinnerRefined-group-group_2025_4samples.1
ctg37966	METAMDBG-MetaBinnerRefined-group-group_2025_4samples.1
ctg38380	METAMDBG-MetaBinnerRefined-group-group_2025_4samples.1
ctg38868	METAMDBG-MetaBinnerRefined-group-group_2025_4samples.1
ctg39531	METAMDBG-MetaBinnerRefined-group-group_2025_4samples.1
ctg41567	METAMDBG-MetaBinnerRefined-group-group_2025_4samples.1
ctg1458	METAMDBG-SemiBin2Refined-group-group_2025_4samples.0
ctg1855	METAMDBG-SemiBin2Refined-group-group_2025_4samples.0
ctg2336	METAMDBG-SemiBin2Refined-group-group_2025_4samples.0
ctg6456	METAMDBG-SemiBin2Refined-group-group_2025_4samples.0
ctg10701	METAMDBG-SemiBin2Refined-group-group_2025_4samples.0
ctg11311	METAMDBG-SemiBin2Refined-group-group_2025_4samples.0
ctg12893	METAMDBG-SemiBin2Refined-group-group_2025_4samples.0
ctg17494	METAMDBG-SemiBin2Refined-group-group_2025_4samples.0
ctg23194	METAMDBG-SemiBin2Refined-group-group_2025_4samples.0
ctg25659	METAMDBG-SemiBin2Refined-group-group_2025_4samples.0
ctg26964	METAMDBG-SemiBin2Refined-group-group_2025_4samples.0
ctg30544	METAMDBG-SemiBin2Refined-group-group_2025_4samples.0
ctg31390	METAMDBG-SemiBin2Refined-group-group_2025_4samples.0
ctg34034	METAMDBG-SemiBin2Refined-group-group_2025_4samples.0
ctg36241	METAMDBG-SemiBin2Refined-group-group_2025_4samples.0
ctg37551	METAMDBG-SemiBin2Refined-group-group_2025_4samples.0
ctg38052	METAMDBG-SemiBin2Refined-group-group_2025_4samples.0
