ctg11872	1	10000	50.3784
ctg11872	10001	20000	90.2722
ctg11872	20001	30000	66.9329
ctg11872	30001	40000	73.3806
ctg11872	40001	50000	44.5392
ctg11872	50001	60000	56.6383
ctg11872	60001	70000	93.1261
ctg11872	70001	80000	105.322
ctg11872	80001	90000	137.695
ctg11872	90001	100000	127.717
ctg11872	100001	110000	124.135
ctg11872	110001	120000	90.9106
ctg11872	120001	130000	107.399
ctg11872	130001	140000	94.3342
ctg11872	140001	150000	78.1252
ctg11872	150001	160000	43.2367
ctg11872	160001	170000	93.8921
ctg11872	170001	180000	113.197
ctg11872	180001	190000	114.25
ctg11872	190001	200000	83.6833
ctg11872	200001	210000	70.7936
ctg11872	210001	220000	37.2017
ctg11872	220001	230000	57.8689
ctg11872	230001	240000	113.783
ctg11872	240001	250000	157.09
ctg11872	250001	260000	89.7678
ctg11872	260001	270000	95.5405
ctg11872	270001	280000	70.3356
ctg11872	280001	290000	98.6953
ctg11872	290001	300000	62.7272
ctg11872	300001	310000	95.535
ctg11872	310001	320000	79.0853
ctg11872	320001	330000	84.3875
ctg11872	330001	340000	131.518
ctg11872	340001	350000	150.911
ctg11872	350001	360000	92.276
ctg11872	360001	370000	126.29
ctg11872	370001	380000	106.472
ctg11872	380001	390000	60.607
ctg11872	390001	400000	166.465
ctg11872	400001	410000	85.8599
ctg11872	410001	420000	73.0016
ctg11872	420001	430000	103.589
ctg11872	430001	440000	99.8811
ctg11872	440001	450000	74.003
ctg11872	450001	460000	82.5284
ctg11872	460001	470000	99.2384
ctg11872	470001	480000	134.071
ctg11872	480001	490000	91.8706
ctg11872	490001	500000	72.2924
ctg11872	500001	510000	82.7804
ctg11872	510001	520000	76.271
ctg11872	520001	530000	73.5737
ctg11872	530001	540000	94.9576
ctg11872	540001	550000	115.345
ctg11872	550001	560000	99.4765
ctg11872	560001	570000	124.047
ctg11872	570001	580000	98.2264
ctg11872	580001	590000	84.2041
ctg11872	590001	600000	108.234
ctg11872	600001	610000	188.681
ctg11872	610001	620000	133.529
ctg11872	620001	630000	96.4927
ctg11872	630001	640000	128.208
ctg11872	640001	650000	115.904
ctg11872	650001	660000	75.6667
ctg11872	660001	670000	79.7707
ctg11872	670001	680000	121.312
ctg11872	680001	690000	82.9684
ctg11872	690001	700000	85.8108
ctg11872	700001	710000	131.184
ctg11872	710001	720000	1374.5
ctg11872	720001	730000	97.8825
ctg11872	730001	740000	126.954
ctg11872	740001	750000	107.111
ctg11872	750001	760000	70.7789
ctg11872	760001	770000	63.7955
ctg11872	770001	780000	69.6594
ctg11872	780001	790000	95.3779
ctg11872	790001	800000	73.3624
ctg11872	800001	810000	88.9571
ctg11872	810001	820000	110.731
ctg11872	820001	830000	98.3123
ctg11872	830001	840000	133.556
ctg11872	840001	850000	77.9404
ctg11872	850001	860000	72.5388
ctg11872	860001	870000	73.0001
ctg11872	870001	880000	144.819
ctg11872	880001	890000	137.15
ctg11872	890001	900000	98.8151
ctg11872	900001	910000	88.023
ctg11872	910001	920000	86.9937
ctg11872	920001	930000	102.344
ctg11872	930001	940000	72.1955
ctg11872	940001	950000	38.6708
ctg11872	950001	960000	96.7558
ctg11872	960001	970000	101.124
ctg11872	970001	980000	61.7298
ctg11872	980001	990000	87.3769
ctg11872	990001	1000000	127.685
ctg11872	1000001	1010000	61.5631
ctg11872	1010001	1020000	89.0716
ctg11872	1020001	1030000	103.683
ctg11872	1030001	1040000	120.769
ctg11872	1040001	1050000	108.815
ctg11872	1050001	1060000	95.4505
ctg11872	1060001	1070000	139.795
ctg11872	1070001	1080000	117.331
ctg11872	1080001	1090000	77.174
ctg11872	1090001	1100000	81.7752
ctg11872	1100001	1110000	89.3137
ctg11872	1110001	1120000	75.1246
ctg11872	1120001	1130000	68.388
ctg11872	1130001	1140000	99.7895
ctg11872	1140001	1150000	122.591
ctg11872	1150001	1160000	85.5757
ctg11872	1160001	1170000	50.3275
ctg11872	1170001	1180000	85.2192
ctg11872	1180001	1190000	111.639
ctg11872	1190001	1200000	57.0231
ctg11872	1200001	1210000	66.7815
ctg11872	1210001	1220000	127.484
ctg11872	1220001	1230000	84.1164
ctg11872	1230001	1240000	134.297
ctg11872	1240001	1250000	99.9675
ctg11872	1250001	1260000	100.341
ctg11872	1260001	1270000	151.225
ctg11872	1270001	1280000	124.091
ctg11872	1280001	1290000	90.8975
ctg11872	1290001	1300000	130.272
ctg11872	1300001	1310000	146.567
ctg11872	1310001	1320000	131.438
ctg11872	1320001	1330000	69.0421
ctg11872	1330001	1340000	94.3551
ctg11872	1340001	1350000	59.0014
ctg11872	1350001	1360000	122.312
ctg11872	1360001	1370000	133.298
ctg11872	1370001	1380000	87.7727
ctg11872	1380001	1390000	125.899
ctg11872	1390001	1400000	86.8203
ctg11872	1400001	1410000	74.5755
ctg11872	1410001	1420000	113.818
ctg11872	1420001	1430000	127.198
ctg11872	1430001	1440000	130.973
ctg11872	1440001	1450000	129.989
ctg11872	1450001	1460000	97.023
ctg11872	1460001	1470000	77.0259
ctg11872	1470001	1480000	85.5822
ctg11872	1480001	1490000	86.9297
ctg11872	1490001	1500000	150.682
ctg11872	1500001	1510000	124.253
ctg11872	1510001	1520000	95.1297
ctg11872	1520001	1530000	115.313
ctg11872	1530001	1540000	70.6287
ctg11872	1540001	1550000	123.909
ctg11872	1550001	1560000	101.39
ctg11872	1560001	1570000	123.838
ctg11872	1570001	1580000	99.6273
ctg11872	1580001	1590000	53.9674
ctg11872	1590001	1600000	77.7538
ctg11872	1600001	1610000	127.561
ctg11872	1610001	1620000	106.654
ctg11872	1620001	1630000	79.1092
ctg11872	1630001	1640000	66.6925
ctg11872	1640001	1650000	124.225
ctg11872	1650001	1660000	97.2752
ctg11872	1660001	1670000	74.0533
ctg11872	1670001	1680000	104.974
ctg11872	1680001	1690000	110.926
ctg11872	1690001	1700000	136.64
ctg11872	1700001	1710000	77.9206
ctg11872	1710001	1720000	56.8338
ctg11872	1720001	1730000	141.837
ctg11872	1730001	1740000	95.3271
ctg11872	1740001	1750000	70.8166
ctg11872	1750001	1760000	85.0642
ctg11872	1760001	1770000	111.776
ctg11872	1770001	1780000	135.009
ctg11872	1780001	1790000	106.868
ctg11872	1790001	1800000	164.118
ctg11872	1800001	1810000	82.7178
ctg11872	1810001	1820000	79.56
ctg11872	1820001	1830000	158.888
ctg11872	1830001	1840000	39.6173
ctg11872	1840001	1850000	63.0981
ctg11872	1850001	1860000	99.3749
ctg11872	1860001	1870000	91.7277
ctg11872	1870001	1880000	86.4193
ctg11872	1880001	1890000	60.9654
ctg11872	1890001	1900000	104.814
ctg11872	1900001	1910000	87.0812
ctg11872	1910001	1920000	107.692
ctg11872	1920001	1930000	85.3818
ctg11872	1930001	1940000	89.4158
ctg11872	1940001	1950000	134.689
ctg11872	1950001	1960000	102.025
ctg11872	1960001	1970000	80.7372
ctg11872	1970001	1980000	127.748
ctg11872	1980001	1990000	66.2457
ctg11872	1990001	2000000	105.565
ctg11872	2000001	2010000	48.0261
ctg11872	2010001	2020000	46.4119
ctg11872	2020001	2030000	34.9915
ctg11872	2030001	2040000	163.454
ctg11872	2040001	2050000	131.108
ctg11872	2050001	2060000	97.0201
ctg11872	2060001	2070000	112.724
ctg11872	2070001	2080000	96.3859
ctg11872	2080001	2090000	138.332
ctg11872	2090001	2100000	100.8
ctg11872	2100001	2110000	162.128
ctg11872	2110001	2120000	97.8965
ctg11872	2120001	2130000	112.73
ctg11872	2130001	2140000	97.6965
ctg11872	2140001	2150000	70.6064
ctg11872	2150001	2160000	82.7508
ctg11872	2160001	2170000	70.0619
ctg11872	2170001	2180000	49.6561
ctg11872	2180001	2190000	122.432
ctg11872	2190001	2200000	97.5885
ctg11872	2200001	2210000	90.3061
ctg11872	2210001	2220000	70.3724
ctg11872	2220001	2230000	83.8207
ctg11872	2230001	2240000	2872.68
ctg11872	2240001	2250000	149.055
ctg11872	2250001	2260000	135.118
ctg11872	2260001	2270000	2586.71
ctg11872	2270001	2280000	105.712
ctg11872	2280001	2290000	103.486
ctg11872	2290001	2300000	80.8429
ctg11872	2300001	2310000	112.789
ctg11872	2310001	2320000	95.6427
ctg11872	2320001	2330000	88.4161
ctg11872	2330001	2340000	136.02
ctg11872	2340001	2350000	121.982
ctg11872	2350001	2360000	75.1976
ctg11872	2360001	2370000	110.5
ctg11872	2370001	2380000	108.749
ctg11872	2380001	2390000	100.991
ctg11872	2390001	2400000	113.814
ctg11872	2400001	2410000	121.867
ctg11872	2410001	2420000	86.2567
ctg11872	2420001	2430000	93.1076
ctg11872	2430001	2440000	123.624
ctg11872	2440001	2450000	54.1467
ctg11872	2450001	2460000	83.6301
ctg11872	2460001	2470000	132.036
ctg11872	2470001	2480000	103.256
ctg11872	2480001	2490000	127.303
ctg11872	2490001	2500000	106.147
ctg11872	2500001	2510000	68.0895
ctg11872	2510001	2520000	73.565
ctg11872	2520001	2530000	68.5163
ctg11872	2530001	2540000	90.6527
ctg11872	2540001	2550000	74.435
ctg11872	2550001	2560000	98.7123
ctg11872	2560001	2570000	114.769
ctg11872	2570001	2580000	121.448
ctg11872	2580001	2590000	95.7297
ctg11872	2590001	2600000	101.391
ctg11872	2600001	2610000	136.875
ctg11872	2610001	2620000	92.6507
ctg11872	2620001	2630000	106.724
ctg11872	2630001	2640000	183.656
ctg11872	2640001	2650000	89.9012
ctg11872	2650001	2660000	83.6337
ctg11872	2660001	2670000	112.889
ctg11872	2670001	2680000	78.3986
ctg11872	2680001	2690000	62.7645
ctg11872	2690001	2700000	141.525
ctg11872	2700001	2710000	97.6406
ctg11872	2710001	2720000	75.6264
ctg11872	2720001	2730000	127.863
ctg11872	2730001	2740000	211.791
ctg11872	2740001	2750000	117.167
ctg11872	2750001	2760000	115.804
ctg158740	1	10000	70.0795
ctg158740	10001	20000	60.3497
ctg158740	20001	30000	42.2506
ctg158740	30001	40000	90.1943
ctg158740	40001	50000	99.7237
ctg158740	50001	60000	70.8866
ctg158740	60001	70000	89.3027
ctg158740	70001	80000	160.626
ctg158740	80001	90000	102.204
ctg158740	90001	100000	91.4341
ctg158740	100001	110000	86.6034
ctg158740	110001	120000	67.8843
ctg158740	120001	130000	32.0144
ctg158740	130001	140000	55.9419
ctg158740	140001	150000	83.5239
ctg158740	150001	160000	84.9251
ctg158740	160001	170000	84.8852
ctg158740	170001	180000	87.9884
ctg158740	180001	190000	84.4702
ctg158740	190001	200000	69.2129
ctg158740	200001	210000	88.9241
ctg158740	210001	220000	77.7229
ctg158740	220001	230000	99.4772
ctg158740	230001	240000	66.151
ctg158740	240001	250000	96.3696
ctg158740	250001	260000	84.6009
ctg158740	260001	270000	86.2078
ctg158740	270001	280000	83.3306
ctg158740	280001	290000	90.5695
ctg158740	290001	300000	107.134
ctg158740	300001	310000	114.279
ctg158740	310001	320000	81.3313
ctg158740	320001	330000	100.354
ctg158740	330001	340000	62.5994
ctg158740	340001	350000	83.0409
ctg158740	350001	360000	106.291
ctg158740	360001	370000	135.077
ctg158740	370001	380000	87.2907
ctg158740	380001	390000	129.105
ctg158740	390001	400000	108.459
ctg158740	400001	410000	89.3598
ctg158740	410001	420000	68.5514
ctg158740	420001	430000	89.5927
ctg158740	430001	440000	106.689
ctg158740	440001	450000	78.6052
ctg158740	450001	460000	129.786
ctg158740	460001	470000	123.715
ctg158740	470001	480000	67.2419
ctg158740	480001	490000	111.808
ctg158740	490001	500000	103.284
ctg158740	500001	510000	89.4441
ctg158740	510001	520000	134.9
ctg158740	520001	530000	153.897
ctg158740	530001	540000	116.166
ctg158740	540001	550000	113.541
ctg158740	550001	560000	76.1952
ctg158740	560001	570000	108.154
ctg158740	570001	580000	91.8304
ctg158740	580001	590000	129.41
ctg158740	590001	600000	112.487
ctg158740	600001	610000	115.576
ctg158740	610001	620000	113.817
ctg158740	620001	630000	72.8348
ctg158740	630001	640000	112.811
ctg158740	640001	650000	79.5622
ctg158740	650001	660000	161.249
ctg158740	660001	670000	127.317
ctg158740	670001	680000	71.2339
ctg158740	680001	690000	134.816
ctg158740	690001	700000	122.936
ctg158740	700001	710000	104.086
ctg158740	710001	720000	93.2146
ctg158740	720001	730000	80.7637
ctg158740	730001	740000	77.4725
ctg158740	740001	750000	80.3927
ctg158740	750001	760000	104.326
ctg158740	760001	770000	100.741
ctg158740	770001	780000	73.0605
ctg158740	780001	790000	82.8229
ctg158740	790001	800000	107.8
ctg158740	800001	810000	123.11
ctg158740	810001	820000	141.54
ctg158740	820001	830000	131.171
ctg158740	830001	840000	77.352
ctg158740	840001	850000	112.054
ctg158740	850001	860000	191.694
ctg158740	860001	870000	94.1948
ctg158740	870001	880000	84.6525
ctg158740	880001	890000	91.5025
ctg158740	890001	900000	99.9232
ctg158740	900001	910000	128.19
ctg158740	910001	920000	125.576
ctg158740	920001	930000	111.961
ctg158740	930001	940000	113.595
ctg158740	940001	950000	92.674
ctg158740	950001	960000	113.54
ctg158740	960001	970000	65.5231
ctg158740	970001	980000	101.042
ctg158740	980001	990000	126.369
ctg158740	990001	1000000	74.0747
ctg158740	1000001	1010000	77.8204
ctg158740	1010001	1020000	80.6837
ctg158740	1020001	1030000	78.9067
ctg158740	1030001	1040000	79.2648
ctg158740	1040001	1050000	81.2781
ctg158740	1050001	1060000	83.4887
ctg158740	1060001	1070000	90.4793
ctg158740	1070001	1080000	80.3161
ctg158740	1080001	1090000	80.2938
ctg158740	1090001	1100000	93.6799
ctg158740	1100001	1110000	120.168
ctg158740	1110001	1120000	172.573
ctg158740	1120001	1130000	254.04
ctg158740	1130001	1140000	126.875
ctg158740	1140001	1150000	101.367
ctg158740	1150001	1160000	91.191
ctg158740	1160001	1170000	99.0931
ctg158740	1170001	1180000	87.5209
ctg158740	1180001	1190000	104.299
ctg158740	1190001	1200000	126.332
ctg158740	1200001	1210000	125.913
ctg158740	1210001	1220000	64.1821
ctg158740	1220001	1230000	85.612
ctg158740	1230001	1240000	79.1216
ctg158740	1240001	1250000	98.9491
ctg158740	1250001	1260000	89.5711
ctg158740	1260001	1270000	61.5246
ctg158740	1270001	1280000	91.7748
ctg158740	1280001	1290000	122.783
ctg158740	1290001	1300000	95.5691
ctg158740	1300001	1310000	81.0206
ctg158740	1310001	1320000	130.212
ctg158740	1320001	1330000	82.6759
ctg158740	1330001	1340000	108.795
ctg158740	1340001	1350000	95.5403
ctg158740	1350001	1360000	107.939
ctg158740	1360001	1370000	112.713
ctg158740	1370001	1380000	108.735
ctg158740	1380001	1390000	89.4308
ctg158740	1390001	1400000	106.379
ctg158740	1400001	1410000	113.57
ctg158740	1410001	1420000	68.3812
ctg158740	1420001	1430000	85.8604
ctg158740	1430001	1440000	104.029
ctg158740	1440001	1450000	113.059
ctg158740	1450001	1460000	87.9411
ctg158740	1460001	1470000	61.5386
ctg158740	1470001	1480000	72.3136
ctg158740	1480001	1490000	81.2046
ctg158740	1490001	1500000	128.988
ctg158740	1500001	1510000	74.9899
ctg158740	1510001	1520000	123.478
ctg158740	1520001	1530000	90.5422
ctg158740	1530001	1540000	105.492
ctg158740	1540001	1550000	110.775
ctg158740	1550001	1560000	93.4508
ctg158740	1560001	1570000	74.0036
ctg158740	1570001	1580000	71.0182
ctg158740	1580001	1590000	115.686
ctg158740	1590001	1600000	66.8031
ctg158740	1600001	1610000	100.481
ctg158740	1610001	1620000	84.3286
ctg158740	1620001	1630000	63.0432
ctg158740	1630001	1640000	97.3931
ctg158740	1640001	1650000	84.357
ctg158740	1650001	1660000	72.4468
ctg158740	1660001	1670000	85.4742
ctg158740	1670001	1680000	110.547
ctg158740	1680001	1690000	60.792
ctg158740	1690001	1700000	69.2677
ctg158740	1700001	1710000	100.988
ctg158740	1710001	1720000	298.371
ctg158740	1720001	1730000	109.288
ctg158740	1730001	1740000	100.788
ctg158740	1740001	1750000	72.4952
ctg158740	1750001	1760000	109.218
ctg158740	1760001	1770000	131.758
ctg158740	1770001	1780000	102.972
ctg158740	1780001	1790000	77.5466
ctg158740	1790001	1800000	97.6527
ctg158740	1800001	1810000	158.91
ctg158740	1810001	1820000	125.314
ctg158740	1820001	1830000	112.742
ctg158740	1830001	1840000	159.562
ctg158740	1840001	1850000	138.351
ctg158740	1850001	1860000	69.9341
ctg158740	1860001	1870000	105.158
ctg158740	1870001	1880000	116.93
ctg158740	1880001	1890000	128.156
ctg158740	1890001	1900000	98.2571
ctg158740	1900001	1910000	75.9457
ctg158740	1910001	1920000	77.1473
ctg158740	1920001	1930000	76.0535
ctg158740	1930001	1940000	75.4089
ctg158740	1940001	1950000	92.9034
ctg158740	1950001	1960000	77.2367
ctg158740	1960001	1970000	98.98
ctg158740	1970001	1980000	113.338
ctg158740	1980001	1990000	122.13
ctg158740	1990001	2000000	151.904
ctg158740	2000001	2010000	99.1833
ctg158740	2010001	2020000	55.3097
ctg158740	2020001	2030000	74.5026
ctg158740	2030001	2040000	114.637
ctg158740	2040001	2050000	89.1223
ctg158740	2050001	2060000	70.1383
ctg158740	2060001	2070000	94.8184
ctg158740	2070001	2080000	88.5112
ctg158740	2080001	2090000	69.3546
ctg158740	2090001	2100000	98.2355
ctg158740	2100001	2110000	75.1229
ctg158740	2110001	2120000	87.3764
ctg158740	2120001	2130000	67.8855
ctg158740	2130001	2140000	52.7013
ctg158740	2140001	2150000	80.8288
ctg158740	2150001	2160000	111.008
ctg158740	2160001	2170000	108.81
ctg158740	2170001	2180000	109.741
ctg158740	2180001	2190000	41.6393
ctg158740	2190001	2200000	138.329
ctg158740	2200001	2210000	92.0921
ctg158740	2210001	2220000	97.7655
ctg158740	2220001	2230000	95.602
ctg158740	2230001	2240000	179.295
ctg158740	2240001	2250000	143.156
ctg158740	2250001	2260000	370.775
ctg158740	2260001	2270000	152.038
ctg158740	2270001	2280000	75.8447
ctg158740	2280001	2290000	59.9812
ctg158740	2290001	2300000	112.998
ctg158740	2300001	2310000	66.5355
ctg158740	2310001	2320000	86.1791
ctg158740	2320001	2330000	70.388
ctg158740	2330001	2340000	112.77
ctg158740	2340001	2350000	103.207
ctg158740	2350001	2360000	133.076
ctg158740	2360001	2370000	78.732
ctg158740	2370001	2380000	84.1114
ctg158740	2380001	2390000	112.325
ctg158740	2390001	2400000	63.4455
ctg158740	2400001	2410000	71.4898
ctg158740	2410001	2420000	69.3578
ctg158740	2420001	2430000	53.8328
ctg158740	2430001	2440000	85.5868
ctg158740	2440001	2450000	95.6644
ctg158740	2450001	2460000	94.7679
ctg158740	2460001	2470000	90.6681
ctg158740	2470001	2480000	80.9342
ctg158740	2480001	2490000	91.479
ctg158740	2490001	2500000	77.8489
ctg158740	2500001	2510000	106.326
ctg158740	2510001	2520000	111.982
ctg158740	2520001	2530000	78.4411
ctg158740	2530001	2540000	70.9623
ctg158740	2540001	2550000	118.375
ctg158740	2550001	2560000	86.6234
ctg158740	2560001	2570000	75.8437
ctg158740	2570001	2580000	73.5199
ctg158740	2580001	2590000	73.1196
ctg158740	2590001	2600000	76.536
ctg158740	2600001	2610000	124.835
ctg158740	2610001	2620000	92.1632
ctg158740	2620001	2630000	83.4111
ctg158740	2630001	2640000	116.646
ctg158740	2640001	2650000	72.4374
ctg158740	2650001	2660000	89.0829
ctg158740	2660001	2670000	114.582
ctg158740	2670001	2680000	109.865
ctg158740	2680001	2690000	107.107
ctg158740	2690001	2700000	119.876
ctg158740	2700001	2710000	165.197
ctg158740	2710001	2720000	98.4723
ctg158740	2720001	2730000	84.1412
ctg158740	2730001	2740000	97.4712
ctg158740	2740001	2750000	101.471
ctg158740	2750001	2760000	108.49
ctg158740	2760001	2770000	179.791
ctg158740	2770001	2780000	71.7714
ctg158740	2780001	2790000	109.383
ctg158740	2790001	2800000	91.0766
ctg158740	2800001	2810000	64.6928
ctg158740	2810001	2820000	89.4028
ctg158740	2820001	2830000	64.5766
ctg158740	2830001	2840000	81.6844
ctg158740	2840001	2850000	115.055
ctg158740	2850001	2860000	136.892
ctg158740	2860001	2870000	125.391
ctg158740	2870001	2880000	83.244
ctg158740	2880001	2890000	114.323
ctg158740	2890001	2900000	90.3086
ctg158740	2900001	2910000	63.3411
ctg158740	2910001	2920000	133.707
ctg158740	2920001	2930000	173.086
ctg158740	2930001	2940000	128.798
ctg158740	2940001	2950000	87.3325
ctg158740	2950001	2960000	84.512
ctg158740	2960001	2970000	45.5949
ctg158740	2970001	2980000	58.1323
ctg158740	2980001	2990000	51.4299
ctg158740	2990001	3000000	40.427
ctg158740	3000001	3010000	83.1497
ctg158740	3010001	3020000	111.086
ctg158740	3020001	3030000	106.563
ctg158740	3030001	3040000	102.039
ctg158740	3040001	3050000	132.928
ctg158740	3050001	3060000	118.218
ctg158740	3060001	3070000	87.7884
ctg158740	3070001	3080000	81.3786
ctg158740	3080001	3090000	74.5883
ctg158740	3090001	3100000	70.1179
ctg158740	3100001	3110000	67.5736
ctg158740	3110001	3120000	98.334
ctg158740	3120001	3130000	78.0066
ctg158740	3130001	3140000	98.7787
ctg158740	3140001	3150000	147.441
ctg158740	3150001	3160000	112.088
ctg158740	3160001	3170000	58.7333
ctg158740	3170001	3180000	33.8382
